PROG;SEQ;ALIVE-OP;SCORE-OP;ALIVE-ALL;SCORE-ALL
LRS;0;33.0;0.00000;842.0;0.00000
LRS;1;17.0;0.48485;405.0;0.51900
LRS;2;3.3;0.90000;78.2;0.90713
LRS;3;0.0;1.00000;15.0;0.98218
